{
    "E": 11.282260913767097,
    "S": 9.626674766238947,
    "I": 9.034354199436754,
    "A": 7.732468609567306,
    "R": 6.9848974976570775,
    "N": 6.693478139417035,
    "O": 6.627852718930416,
    "T": 6.525912992023443,
    "L": 5.232171564048915,
    "C": 4.0094849978242895,
    "D": 3.3564963264715164,
    "U": 3.3101100130700027,
    "P": 2.999451547744854,
    "M": 2.897197070619719,
    "G": 2.799152377662492,
    "H": 2.4984478879866923,
    "B": 1.8586000382421517,
    "Y": 1.6152194320489688,
    "F": 1.1912115444085019,
    "K": 0.93543764837522,
    "V": 0.9208411070079923,
    "W": 0.7683839700861392,
    "Z": 0.4811743960140032,
    "X": 0.283904696781443,
    "Q": 0.16858808560261684,
    "J": 0.1662274589664075
}