{
    "E": 11.285576528623778,
    "S": 9.63349914663226,
    "I": 9.039432249379628,
    "A": 7.729371889030275,
    "R": 6.989497527775337,
    "N": 6.697606747811805,
    "O": 6.623678422820365,
    "T": 6.529376460291307,
    "L": 5.235551958095723,
    "C": 4.012542594498014,
    "D": 3.355423820920061,
    "U": 3.3071891355311904,
    "P": 2.997919682155491,
    "M": 2.8957362350857685,
    "G": 2.7977299748225977,
    "H": 2.49724837670974,
    "B": 1.8564048687082602,
    "Y": 1.612236477638455,
    "F": 1.1894736468771785,
    "K": 0.9334830289963757,
    "V": 0.9201239126999484,
    "W": 0.7651739266304722,
    "Z": 0.4798247788356919,
    "X": 0.2821965539785143,
    "Q": 0.16862436174753004,
    "J": 0.16507769370423073
}